{
    "RMSE": 27.537339111260884,
    "MAE": 16.00145650317036,
    "R2": 0.23436135170641603
}