{
    "RMSE": 1.4742805023513716,
    "MAE": 0.9533451749493964,
    "R2": 0.9977055058678607,
    "Ret_R2": 0.0018657839101124951,
    "CV_RMSE": 3.114011890092694,
    "CV_R2": -0.0006990873386776064,
    "Dir_Acc": 50.61188811188811
}