{
    "RMSE": 1.4769963701147566,
    "MAE": 0.9545574386535057,
    "R2": 0.9976970444083199,
    "Ret_R2": -0.0007022849143882848,
    "CV_RMSE": 3.1196824640021505,
    "CV_R2": -0.00426950833245654,
    "Dir_Acc": 51.31118881118881,
    "CP_Coverage": 0.9152097902097902,
    "CP_Width": 8.01931458227282
}